{
    "pi": 3.141592653589793,
    "double_max": 1.7976931348623157e+308,
    "double_min": 2.2250738585072014e-308,
    "double_epsilon": 2.220446049250313e-16,
    "over_precision": 1.2345678901234567,
    "negative_zero": -0.0
}